Common Name,Scientific Name,Taxonomic Order,State/Province,County,Location,Date,Time,Masked_Latitude,Masked_Longitude,SPECIES_CODE,SCI_NAME,ORDER,FAMILY,SPECIES_GROUP,ORDER_GROUP,MACAULAY_LINK
Canada Goose,Branta canadensis,330,US-MN,Hennepin,Loring Lake,2025-06-20,12:33 PM,44.96391723150249,-93.28330093437202,cangoo,Branta canadensis,Anseriformes,"Anatidae (Ducks, Geese, and Waterfowl)",Waterfowl,Waterfowl,https://macaulaylibrary.org/asset/196796851
White-winged Dove,Zenaida asiatica,2350,US-TX,Travis,Neighborhood Walk,2025-05-10,07:15 PM,30.327088568356075,-97.7337465243444,whwdov,Zenaida asiatica,Columbiformes,Columbidae (Pigeons and Doves),Pigeons and Doves,Pigeons,https://macaulaylibrary.org/asset/475161661
White-winged Dove,Zenaida asiatica,2350,US-TX,Travis,Backyard,2024-03-07,03:22 PM,30.320822750384323,-97.7352764989816,whwdov,Zenaida asiatica,Columbiformes,Columbidae (Pigeons and Doves),Pigeons and Doves,Pigeons,https://macaulaylibrary.org/asset/475161661
White-winged Dove,Zenaida asiatica,2350,US-TX,Travis,Backyard,2024-03-07,03:49 PM,30.32794988121044,-97.740438935113,whwdov,Zenaida asiatica,Columbiformes,Columbidae (Pigeons and Doves),Pigeons and Doves,Pigeons,https://macaulaylibrary.org/asset/475161661
White-winged Dove,Zenaida asiatica,2350,US-TX,Travis,Backyard,2024-03-14,05:00 PM,30.321878926619007,-97.73997017988196,whwdov,Zenaida asiatica,Columbiformes,Columbidae (Pigeons and Doves),Pigeons and Doves,Pigeons,https://macaulaylibrary.org/asset/475161661
White-winged Dove,Zenaida asiatica,2350,US-TX,Travis,Backyard,2024-03-22,09:12 AM,30.327381756647984,-97.73439205341332,whwdov,Zenaida asiatica,Columbiformes,Columbidae (Pigeons and Doves),Pigeons and Doves,Pigeons,https://macaulaylibrary.org/asset/475161661
White-winged Dove,Zenaida asiatica,2350,US-TX,Travis,Backyard,2024-03-22,09:21 AM,30.329231557665647,-97.73259641359418,whwdov,Zenaida asiatica,Columbiformes,Columbidae (Pigeons and Doves),Pigeons and Doves,Pigeons,https://macaulaylibrary.org/asset/475161661
White-winged Dove,Zenaida asiatica,2350,US-TX,Travis,Backyard,2024-04-04,09:16 AM,30.32628519213724,-97.74022582949816,whwdov,Zenaida asiatica,Columbiformes,Columbidae (Pigeons and Doves),Pigeons and Doves,Pigeons,https://macaulaylibrary.org/asset/475161661
White-winged Dove,Zenaida asiatica,2350,US-TX,Travis,Neighborhood Walk,2025-06-15,07:43 PM,30.33255064906263,-97.73394900507708,whwdov,Zenaida asiatica,Columbiformes,Columbidae (Pigeons and Doves),Pigeons and Doves,Pigeons,https://macaulaylibrary.org/asset/475161661
White-winged Dove,Zenaida asiatica,2350,US-TX,Travis,Neighborhood Walk,2025-06-15,08:08 PM,30.32598960161315,-97.7395764822412,whwdov,Zenaida asiatica,Columbiformes,Columbidae (Pigeons and Doves),Pigeons and Doves,Pigeons,https://macaulaylibrary.org/asset/475161661
White-winged Dove,Zenaida asiatica,2350,US-TX,Travis,Zilker Park,2024-03-23,01:38 PM,30.265221625472847,-97.76968861042106,whwdov,Zenaida asiatica,Columbiformes,Columbidae (Pigeons and Doves),Pigeons and Doves,Pigeons,https://macaulaylibrary.org/asset/475161661
Mourning Dove,Zenaida macroura,2373,US-OH,Hamilton,Norwood,2024-03-16,08:26 AM,39.15191962658038,-84.45567114861059,moudov,Zenaida macroura,Columbiformes,Columbidae (Pigeons and Doves),Pigeons and Doves,Pigeons,https://macaulaylibrary.org/asset/413819881
Chimney Swift,Chaetura pelagica,3842,US-OH,Hamilton,Norwood,2024-05-13,01:35 PM,39.15701470436636,-84.45746941671834,chiswi,Chaetura pelagica,Apodiformes,Apodidae (Swifts),Swifts,"Owlet-nightjars, treeswifts, swifts, hummingbirds",https://macaulaylibrary.org/asset/359868681
Chimney Swift,Chaetura pelagica,3842,US-OH,Hamilton,Norwood,2024-05-15,08:15 AM,39.15915735723612,-84.45385877623174,chiswi,Chaetura pelagica,Apodiformes,Apodidae (Swifts),Swifts,"Owlet-nightjars, treeswifts, swifts, hummingbirds",https://macaulaylibrary.org/asset/359868681
Chimney Swift,Chaetura pelagica,3842,US-OH,Hamilton,Norwood,2024-05-19,08:43 AM,39.15232051423164,-84.4574937592853,chiswi,Chaetura pelagica,Apodiformes,Apodidae (Swifts),Swifts,"Owlet-nightjars, treeswifts, swifts, hummingbirds",https://macaulaylibrary.org/asset/359868681
Chimney Swift,Chaetura pelagica,3842,US-TX,Travis,Neighborhood Walk,2025-06-15,08:08 PM,30.324071829183968,-97.73650284990472,chiswi,Chaetura pelagica,Apodiformes,Apodidae (Swifts),Swifts,"Owlet-nightjars, treeswifts, swifts, hummingbirds",https://macaulaylibrary.org/asset/359868681
Chimney Swift,Chaetura pelagica,3842,US-TX,Travis,Neighborhood Walk,2025-06-15,08:08 PM,30.32560102028324,-97.7369011157904,chiswi,Chaetura pelagica,Apodiformes,Apodidae (Swifts),Swifts,"Owlet-nightjars, treeswifts, swifts, hummingbirds",https://macaulaylibrary.org/asset/359868681
Chimney Swift,Chaetura pelagica,3842,US-TX,Travis,Work,2025-06-10,08:42 PM,30.42502321139671,-97.7501382759115,chiswi,Chaetura pelagica,Apodiformes,Apodidae (Swifts),Swifts,"Owlet-nightjars, treeswifts, swifts, hummingbirds",https://macaulaylibrary.org/asset/359868681
Killdeer,Charadrius vociferus,5770,US-TX,Caldwell,Lone Star Gun Range,2025-02-01,08:56 AM,29.940563899415388,-97.64291730819738,killde,Charadrius vociferus,Charadriiformes,Charadriidae (Plovers and Lapwings),Shorebirds,Shorebirds and relatives,https://macaulaylibrary.org/asset/584677301
Killdeer,Charadrius vociferus,5770,US-OH,Hamilton,Norwood,2024-12-23,08:22 AM,39.15074045985173,-84.45862464262906,killde,Charadrius vociferus,Charadriiformes,Charadriidae (Plovers and Lapwings),Shorebirds,Shorebirds and relatives,https://macaulaylibrary.org/asset/584677301
Killdeer,Charadrius vociferus,5770,US-TX,Travis,Neighborhood Walk,2024-03-07,10:49 PM,30.33427282428295,-97.7269331260581,killde,Charadrius vociferus,Charadriiformes,Charadriidae (Plovers and Lapwings),Shorebirds,Shorebirds and relatives,https://macaulaylibrary.org/asset/584677301
Killdeer,Charadrius vociferus,5770,US-TX,Travis,Pace Bend Park,2025-05-31,09:34 AM,30.45290750863366,-98.02754325783393,killde,Charadrius vociferus,Charadriiformes,Charadriidae (Plovers and Lapwings),Shorebirds,Shorebirds and relatives,https://macaulaylibrary.org/asset/584677301
Great Blue Heron,Ardea herodias,7658,US-OH,Hamilton,Norwood,2024-03-16,01:29 PM,39.1545804228723,-84.45605030906299,grbher3,Ardea herodias,Pelecaniformes,"Ardeidae (Herons, Egrets, and Bitterns)","Herons, Ibis, and Allies","Ibis, herons, pelicans,  Hammerkop, Shoebill",https://macaulaylibrary.org/asset/312869271
Osprey,Pandion haliaetus,7737,US-TX,Travis,Pace Bend Park,2024-10-12,04:18 PM,30.44973983647362,-98.0264528357938,osprey,Pandion haliaetus,Accipitriformes,Pandionidae (Osprey),"Vultures, Hawks, and Allies",Raptors including New World Vultures,https://macaulaylibrary.org/asset/248196041
Red-shouldered Hawk,Buteo lineatus,8391,US-OH,Hamilton,Norwood,2024-03-16,01:29 PM,39.14977112264274,-84.45403317391822,reshaw,Buteo lineatus,Accipitriformes,"Accipitridae (Hawks, Eagles, and Kites)","Vultures, Hawks, and Allies",Raptors including New World Vultures,https://macaulaylibrary.org/asset/81601301
Red-shouldered Hawk,Buteo lineatus,8391,US-OH,Hamilton,Norwood,2024-03-16,02:26 PM,39.15375141213401,-84.45054206112817,reshaw,Buteo lineatus,Accipitriformes,"Accipitridae (Hawks, Eagles, and Kites)","Vultures, Hawks, and Allies",Raptors including New World Vultures,https://macaulaylibrary.org/asset/81601301
Red-tailed Hawk,Buteo jamaicensis,8410,US-OH,Hamilton,Norwood,2024-03-16,01:35 PM,39.15074881255942,-84.45137617028334,rethaw,Buteo jamaicensis,Accipitriformes,"Accipitridae (Hawks, Eagles, and Kites)","Vultures, Hawks, and Allies",Raptors including New World Vultures,https://macaulaylibrary.org/asset/578928681
Barred Owl,Strix varia,9117,US-TX,Travis,Neighborhood Walk,2024-03-07,11:17 PM,30.335284473034367,-97.7336010828179,brdowl,Strix varia,Strigiformes,Strigidae (Owls),Owls,Owls,https://macaulaylibrary.org/asset/247504741
Barred Owl,Strix varia,9117,US-TX,Travis,Neighborhood Walk,2024-03-21,10:25 PM,30.335144296648387,-97.73303659585336,brdowl,Strix varia,Strigiformes,Strigidae (Owls),Owls,Owls,https://macaulaylibrary.org/asset/247504741
Barred Owl,Strix varia,9117,US-TX,Travis,Neighborhood Walk,2024-10-20,10:53 PM,30.3307173820018,-97.73605650442518,brdowl,Strix varia,Strigiformes,Strigidae (Owls),Owls,Owls,https://macaulaylibrary.org/asset/247504741
Barred Owl,Strix varia,9117,US-TX,Travis,Backyard,2024-03-21,10:23 PM,30.32815343620338,-97.7375085127558,brdowl,Strix varia,Strigiformes,Strigidae (Owls),Owls,Owls,https://macaulaylibrary.org/asset/247504741
Yellow-bellied Sapsucker,Sphyrapicus varius,11016,US-OH,Hamilton,Norwood,2024-12-30,10:15 AM,39.150419850151046,-84.45413984541648,yebsap,Sphyrapicus varius,Piciformes,Picidae (Woodpeckers),Woodpeckers,Woodpeckers and allies,https://macaulaylibrary.org/asset/157574821
Red-bellied Woodpecker,Melanerpes carolinus,11088,US-OH,Hamilton,Norwood,2024-12-23,08:22 AM,39.14926031610003,-84.44972342591262,rebwoo,Melanerpes carolinus,Piciformes,Picidae (Woodpeckers),Woodpeckers,Woodpeckers and allies,https://macaulaylibrary.org/asset/279542841
Red-bellied Woodpecker,Melanerpes carolinus,11088,US-TX,Travis,Neighborhood Walk,2025-05-10,07:15 PM,30.320750421967112,-97.737940431748,rebwoo,Melanerpes carolinus,Piciformes,Picidae (Woodpeckers),Woodpeckers,Woodpeckers and allies,https://macaulaylibrary.org/asset/279542841
Red-bellied Woodpecker,Melanerpes carolinus,11088,US-TX,Travis,Backyard,2025-05-11,01:20 PM,30.330573525409164,-97.73425170942748,rebwoo,Melanerpes carolinus,Piciformes,Picidae (Woodpeckers),Woodpeckers,Woodpeckers and allies,https://macaulaylibrary.org/asset/279542841
Downy Woodpecker,Dryobates pubescens,11287,US-OH,Hamilton,Norwood,2024-03-16,08:32 AM,39.14931750032345,-84.45605818372142,dowwoo,Dryobates pubescens,Piciformes,Picidae (Woodpeckers),Woodpeckers,Woodpeckers and allies,https://macaulaylibrary.org/asset/150049391
Downy Woodpecker,Dryobates pubescens,11287,US-OH,Hamilton,Norwood,2024-12-23,08:22 AM,39.15426583239895,-84.45002783906178,dowwoo,Dryobates pubescens,Piciformes,Picidae (Woodpeckers),Woodpeckers,Woodpeckers and allies,https://macaulaylibrary.org/asset/150049391
Monk Parakeet,Myiopsitta monachus,12701,US-TX,Travis,Sunshine Community Gardens,2024-03-15,02:43 PM,30.31268702180937,-97.73664714187728,monpar,Myiopsitta monachus,Psittaciformes,Psittacidae (New World and African Parrots),"Parrots, Parakeets, and Allies",Parrots,https://macaulaylibrary.org/asset/616706182
Eastern Phoebe,Sayornis phoebe,16840,US-TX,Travis,Backyard,2024-03-22,09:12 AM,30.329523760517308,-97.73761620564257,easpho,Sayornis phoebe,Passeriformes,Tyrannidae (Tyrant Flycatchers),"Tyrant Flycatchers: Pewees, Kingbirds, and Allies",Perching birds,https://macaulaylibrary.org/asset/634377486
Eastern Phoebe,Sayornis phoebe,16840,US-TX,Travis,Backyard,2024-03-22,09:21 AM,30.3300135751437,-97.73562963712068,easpho,Sayornis phoebe,Passeriformes,Tyrannidae (Tyrant Flycatchers),"Tyrant Flycatchers: Pewees, Kingbirds, and Allies",Perching birds,https://macaulaylibrary.org/asset/634377486
Ash-throated Flycatcher,Myiarchus cinerascens,17156,US-TX,Travis,Pace Bend Park,2025-05-31,11:07 AM,30.453845327791218,-98.02092292851248,astfly,Myiarchus cinerascens,Passeriformes,Tyrannidae (Tyrant Flycatchers),"Tyrant Flycatchers: Pewees, Kingbirds, and Allies",Perching birds,https://macaulaylibrary.org/asset/409579951
Great Crested Flycatcher,Myiarchus crinitus,17165,US-TX,Travis,Neighborhood Walk,2025-06-15,08:08 PM,30.323847528006905,-97.74097824742437,grcfly,Myiarchus crinitus,Passeriformes,Tyrannidae (Tyrant Flycatchers),"Tyrant Flycatchers: Pewees, Kingbirds, and Allies",Perching birds,https://macaulaylibrary.org/asset/89224521
White-eyed Vireo,Vireo griseus,18966,US-TX,Travis,Pace Bend Park,2025-05-31,11:07 AM,30.45380564495068,-98.0292376491051,whevir,Vireo griseus,Passeriformes,"Vireonidae (Vireos, Shrike-Babblers, and Erpornis)",Vireos,Perching birds,https://macaulaylibrary.org/asset/440225621
Blue Jay,Cyanocitta cristata,21066,US-OH,Hamilton,Norwood,2024-03-16,08:32 AM,39.15816008505991,-84.44960994571764,blujay,Cyanocitta cristata,Passeriformes,"Corvidae (Crows, Jays, and Magpies)","Jays, Magpies, Crows, and Ravens",Perching birds,https://macaulaylibrary.org/asset/192103831
Blue Jay,Cyanocitta cristata,21066,US-OH,Hamilton,Norwood,2024-03-16,09:28 AM,39.1573878024444,-84.45014849753169,blujay,Cyanocitta cristata,Passeriformes,"Corvidae (Crows, Jays, and Magpies)","Jays, Magpies, Crows, and Ravens",Perching birds,https://macaulaylibrary.org/asset/192103831
Blue Jay,Cyanocitta cristata,21066,US-OH,Hamilton,Norwood,2024-03-16,01:40 PM,39.14961519630869,-84.45713473103164,blujay,Cyanocitta cristata,Passeriformes,"Corvidae (Crows, Jays, and Magpies)","Jays, Magpies, Crows, and Ravens",Perching birds,https://macaulaylibrary.org/asset/192103831
Blue Jay,Cyanocitta cristata,21066,US-OH,Hamilton,Norwood,2024-03-16,01:43 PM,39.15384344984772,-84.44985038510603,blujay,Cyanocitta cristata,Passeriformes,"Corvidae (Crows, Jays, and Magpies)","Jays, Magpies, Crows, and Ravens",Perching birds,https://macaulaylibrary.org/asset/192103831
Blue Jay,Cyanocitta cristata,21066,US-TX,Travis,Neighborhood Walk,2024-09-01,03:47 PM,30.333110407293823,-97.73913518750882,blujay,Cyanocitta cristata,Passeriformes,"Corvidae (Crows, Jays, and Magpies)","Jays, Magpies, Crows, and Ravens",Perching birds,https://macaulaylibrary.org/asset/192103831
Blue Jay,Cyanocitta cristata,21066,US-TX,Travis,Neighborhood Walk,2024-04-10,05:31 PM,30.33264015170952,-97.73525099094796,blujay,Cyanocitta cristata,Passeriformes,"Corvidae (Crows, Jays, and Magpies)","Jays, Magpies, Crows, and Ravens",Perching birds,https://macaulaylibrary.org/asset/192103831
Blue Jay,Cyanocitta cristata,21066,US-TX,Travis,Neighborhood Walk,2025-02-22,04:27 PM,30.332954115444316,-97.73587834720608,blujay,Cyanocitta cristata,Passeriformes,"Corvidae (Crows, Jays, and Magpies)","Jays, Magpies, Crows, and Ravens",Perching birds,https://macaulaylibrary.org/asset/192103831
Blue Jay,Cyanocitta cristata,21066,US-TX,Travis,Neighborhood Walk,2025-06-10,08:35 PM,30.338177339173928,-97.73143360194187,blujay,Cyanocitta cristata,Passeriformes,"Corvidae (Crows, Jays, and Magpies)","Jays, Magpies, Crows, and Ravens",Perching birds,https://macaulaylibrary.org/asset/192103831
Blue Jay,Cyanocitta cristata,21066,US-TX,Travis,Neighborhood Walk,2025-06-15,07:58 PM,30.338227503171947,-97.73538444915803,blujay,Cyanocitta cristata,Passeriformes,"Corvidae (Crows, Jays, and Magpies)","Jays, Magpies, Crows, and Ravens",Perching birds,https://macaulaylibrary.org/asset/192103831
Blue Jay,Cyanocitta cristata,21066,US-TX,Travis,Neighborhood Walk,2024-11-10,03:09 PM,30.33432415855292,-97.73307870801194,blujay,Cyanocitta cristata,Passeriformes,"Corvidae (Crows, Jays, and Magpies)","Jays, Magpies, Crows, and Ravens",Perching birds,https://macaulaylibrary.org/asset/192103831
Blue Jay,Cyanocitta cristata,21066,US-TX,Travis,Backyard,2024-03-22,09:12 AM,30.32318081803966,-97.7328081126904,blujay,Cyanocitta cristata,Passeriformes,"Corvidae (Crows, Jays, and Magpies)","Jays, Magpies, Crows, and Ravens",Perching birds,https://macaulaylibrary.org/asset/192103831
Blue Jay,Cyanocitta cristata,21066,US-TX,Travis,Backyard,2024-04-01,11:49 AM,30.328305572633763,-97.73325319775208,blujay,Cyanocitta cristata,Passeriformes,"Corvidae (Crows, Jays, and Magpies)","Jays, Magpies, Crows, and Ravens",Perching birds,https://macaulaylibrary.org/asset/192103831
Blue Jay,Cyanocitta cristata,21066,US-TX,Travis,Neighborhood Walk,2025-06-16,08:03 PM,30.32930505548375,-97.73452291655428,blujay,Cyanocitta cristata,Passeriformes,"Corvidae (Crows, Jays, and Magpies)","Jays, Magpies, Crows, and Ravens",Perching birds,https://macaulaylibrary.org/asset/192103831
Woodhouse's Scrub-Jay,Aphelocoma woodhouseii,21085,US-TX,Travis,Pace Bend Park,2025-05-31,09:29 AM,30.45126982152747,-98.02892466208586,wooscj2,Aphelocoma woodhouseii,Passeriformes,"Corvidae (Crows, Jays, and Magpies)","Jays, Magpies, Crows, and Ravens",Perching birds,https://macaulaylibrary.org/asset/114160231
American Crow,Corvus brachyrhynchos,21333,US-OH,Hamilton,Norwood,2024-03-16,08:32 AM,39.15074618968343,-84.45828120050358,amecro,Corvus brachyrhynchos,Passeriformes,"Corvidae (Crows, Jays, and Magpies)","Jays, Magpies, Crows, and Ravens",Perching birds,https://macaulaylibrary.org/asset/286868001
American Crow,Corvus brachyrhynchos,21333,US-OH,Hamilton,Norwood,2024-05-15,08:15 AM,39.15363008293192,-84.45072751936065,amecro,Corvus brachyrhynchos,Passeriformes,"Corvidae (Crows, Jays, and Magpies)","Jays, Magpies, Crows, and Ravens",Perching birds,https://macaulaylibrary.org/asset/286868001
Carolina Chickadee,Poecile carolinensis,21836,US-TX,Travis,Work,2025-06-11,08:46 AM,30.43352363750798,-97.75108333223284,carchi,Poecile carolinensis,Passeriformes,"Paridae (Tits, Chickadees, and Titmice)","Tits, Chickadees, and Titmice",Perching birds,https://macaulaylibrary.org/asset/192104021
Purple Martin,Progne subis,23851,US-TX,Travis,Neighborhood Walk,2024-04-17,05:07 AM,30.33205169045989,-97.73816394985236,purmar,Progne subis,Passeriformes,Hirundinidae (Swallows),Martins and Swallows,Perching birds,https://macaulaylibrary.org/asset/451871281
Purple Martin,Progne subis,23851,US-TX,Travis,Backyard,2024-03-22,09:12 AM,30.321253584889007,-97.73312053206853,purmar,Progne subis,Passeriformes,Hirundinidae (Swallows),Martins and Swallows,Perching birds,https://macaulaylibrary.org/asset/451871281
Barn Swallow,Hirundo rustica,23957,US-TX,Travis,Neighborhood Walk,2024-10-17,10:41 AM,30.329932006265075,-97.73729037356948,barswa,Hirundo rustica,Passeriformes,Hirundinidae (Swallows),Martins and Swallows,Perching birds,https://macaulaylibrary.org/asset/240894841
Ruby-crowned Kinglet,Corthylio calendula,26595,US-TX,Travis,Zilker Park,2024-03-23,01:34 PM,30.265043142633004,-97.77238844676116,ruckin,Corthylio calendula,Passeriformes,Regulidae (Kinglets),Kinglets,Perching birds,https://macaulaylibrary.org/asset/389954851
Ruby-crowned Kinglet,Corthylio calendula,26595,US-TX,Travis,Zilker Park,2024-03-23,01:38 PM,30.266619043687616,-97.76970468439622,ruckin,Corthylio calendula,Passeriformes,Regulidae (Kinglets),Kinglets,Perching birds,https://macaulaylibrary.org/asset/389954851
Carolina Wren,Thryothorus ludovicianus,27107,US-OH,Hamilton,Norwood,2024-03-16,09:25 AM,39.15406838439228,-84.45338437432557,carwre,Thryothorus ludovicianus,Passeriformes,Troglodytidae (Wrens),Wrens,Perching birds,https://macaulaylibrary.org/asset/145828451
Carolina Wren,Thryothorus ludovicianus,27107,US-OH,Hamilton,Norwood,2024-03-16,09:28 AM,39.15056899014287,-84.45505608553266,carwre,Thryothorus ludovicianus,Passeriformes,Troglodytidae (Wrens),Wrens,Perching birds,https://macaulaylibrary.org/asset/145828451
Carolina Wren,Thryothorus ludovicianus,27107,US-TX,Travis,Neighborhood Walk,2024-12-14,12:19 PM,30.333023776261584,-97.73549050991691,carwre,Thryothorus ludovicianus,Passeriformes,Troglodytidae (Wrens),Wrens,Perching birds,https://macaulaylibrary.org/asset/145828451
Carolina Wren,Thryothorus ludovicianus,27107,US-TX,Travis,Pace Bend Park,2024-10-12,12:11 PM,30.451606604028758,-98.02212146537948,carwre,Thryothorus ludovicianus,Passeriformes,Troglodytidae (Wrens),Wrens,Perching birds,https://macaulaylibrary.org/asset/145828451
Carolina Wren,Thryothorus ludovicianus,27107,US-TX,Travis,Backyard,2024-03-07,03:26 PM,30.3237881675297,-97.7358965738524,carwre,Thryothorus ludovicianus,Passeriformes,Troglodytidae (Wrens),Wrens,Perching birds,https://macaulaylibrary.org/asset/145828451
Carolina Wren,Thryothorus ludovicianus,27107,US-TX,Travis,Backyard,2024-03-07,03:49 PM,30.322944617931952,-97.73340331319972,carwre,Thryothorus ludovicianus,Passeriformes,Troglodytidae (Wrens),Wrens,Perching birds,https://macaulaylibrary.org/asset/145828451
Carolina Wren,Thryothorus ludovicianus,27107,US-TX,Travis,Work,2024-09-17,10:05 AM,30.42950760107696,-97.74374449670309,carwre,Thryothorus ludovicianus,Passeriformes,Troglodytidae (Wrens),Wrens,Perching birds,https://macaulaylibrary.org/asset/145828451
Bewick's Wren,Thryomanes bewickii,27121,US-TX,Travis,Neighborhood Walk,2024-10-17,10:41 AM,30.32792755462696,-97.73449856248614,bewwre,Thryomanes bewickii,Passeriformes,Troglodytidae (Wrens),Wrens,Perching birds,https://macaulaylibrary.org/asset/626313205
Bewick's Wren,Thryomanes bewickii,27121,US-TX,Travis,Pace Bend Park,2025-05-31,11:07 AM,30.4500351142439,-98.02945156206704,bewwre,Thryomanes bewickii,Passeriformes,Troglodytidae (Wrens),Wrens,Perching birds,https://macaulaylibrary.org/asset/626313205
Bewick's Wren,Thryomanes bewickii,27121,US-TX,Travis,Work,2025-06-11,08:46 AM,30.429936264397558,-97.74244702174012,bewwre,Thryomanes bewickii,Passeriformes,Troglodytidae (Wrens),Wrens,Perching birds,https://macaulaylibrary.org/asset/626313205
European Starling,Sturnus vulgaris,27571,US-OH,Hamilton,Norwood,2024-03-16,08:26 AM,39.15608673425579,-84.45411715103789,eursta,Sturnus vulgaris,Passeriformes,Sturnidae (Starlings),Starlings and Mynas,Perching birds,https://macaulaylibrary.org/asset/92717961
European Starling,Sturnus vulgaris,27571,US-OH,Hamilton,Norwood,2024-03-16,08:32 AM,39.15699888514327,-84.45343129335906,eursta,Sturnus vulgaris,Passeriformes,Sturnidae (Starlings),Starlings and Mynas,Perching birds,https://macaulaylibrary.org/asset/92717961
European Starling,Sturnus vulgaris,27571,US-OH,Hamilton,Norwood,2024-03-16,09:28 AM,39.15433166267059,-84.454079550634,eursta,Sturnus vulgaris,Passeriformes,Sturnidae (Starlings),Starlings and Mynas,Perching birds,https://macaulaylibrary.org/asset/92717961
European Starling,Sturnus vulgaris,27571,US-OH,Hamilton,Norwood,2024-03-16,01:29 PM,39.15058233268999,-84.45101019459526,eursta,Sturnus vulgaris,Passeriformes,Sturnidae (Starlings),Starlings and Mynas,Perching birds,https://macaulaylibrary.org/asset/92717961
European Starling,Sturnus vulgaris,27571,US-OH,Hamilton,Norwood,2024-03-16,01:35 PM,39.14953613173555,-84.45069916749348,eursta,Sturnus vulgaris,Passeriformes,Sturnidae (Starlings),Starlings and Mynas,Perching birds,https://macaulaylibrary.org/asset/92717961
European Starling,Sturnus vulgaris,27571,US-OH,Hamilton,Norwood,2024-03-16,01:43 PM,39.15857686793288,-84.45371918410105,eursta,Sturnus vulgaris,Passeriformes,Sturnidae (Starlings),Starlings and Mynas,Perching birds,https://macaulaylibrary.org/asset/92717961
European Starling,Sturnus vulgaris,27571,US-OH,Hamilton,Norwood,2024-03-16,01:43 PM,39.15808861335134,-84.45834107157444,eursta,Sturnus vulgaris,Passeriformes,Sturnidae (Starlings),Starlings and Mynas,Perching birds,https://macaulaylibrary.org/asset/92717961
European Starling,Sturnus vulgaris,27571,US-OH,Hamilton,Norwood,2024-03-16,05:24 PM,39.15526879009072,-84.4552653845606,eursta,Sturnus vulgaris,Passeriformes,Sturnidae (Starlings),Starlings and Mynas,Perching birds,https://macaulaylibrary.org/asset/92717961
European Starling,Sturnus vulgaris,27571,US-OH,Hamilton,Norwood,2024-05-19,08:43 AM,39.155732975740655,-84.45647659103199,eursta,Sturnus vulgaris,Passeriformes,Sturnidae (Starlings),Starlings and Mynas,Perching birds,https://macaulaylibrary.org/asset/92717961
European Starling,Sturnus vulgaris,27571,US-OH,Hamilton,Norwood,2024-05-19,06:10 PM,39.14999631870543,-84.45488992690363,eursta,Sturnus vulgaris,Passeriformes,Sturnidae (Starlings),Starlings and Mynas,Perching birds,https://macaulaylibrary.org/asset/92717961
European Starling,Sturnus vulgaris,27571,US-OH,Hamilton,Norwood,2024-12-22,10:30 AM,39.15165349332885,-84.45588287584515,eursta,Sturnus vulgaris,Passeriformes,Sturnidae (Starlings),Starlings and Mynas,Perching birds,https://macaulaylibrary.org/asset/92717961
European Starling,Sturnus vulgaris,27571,US-TX,Travis,Neighborhood Walk,2025-05-10,07:15 PM,30.32534308738407,-97.73551320149348,eursta,Sturnus vulgaris,Passeriformes,Sturnidae (Starlings),Starlings and Mynas,Perching birds,https://macaulaylibrary.org/asset/92717961
European Starling,Sturnus vulgaris,27571,US-TX,Travis,Backyard,2024-03-22,09:12 AM,30.32339530109304,-97.73577366993348,eursta,Sturnus vulgaris,Passeriformes,Sturnidae (Starlings),Starlings and Mynas,Perching birds,https://macaulaylibrary.org/asset/92717961
European Starling,Sturnus vulgaris,27571,US-TX,Travis,Backyard,2024-03-22,09:21 AM,30.328854274168307,-97.73256013237378,eursta,Sturnus vulgaris,Passeriformes,Sturnidae (Starlings),Starlings and Mynas,Perching birds,https://macaulaylibrary.org/asset/92717961
Gray Catbird,Dumetella carolinensis,27758,US-TX,Travis,Zilker Park,2024-03-23,02:56 PM,30.269304430058064,-97.76656695835456,grycat,Dumetella carolinensis,Passeriformes,Mimidae (Mockingbirds and Thrashers),"Catbirds, Mockingbirds, and Thrashers",Perching birds,https://macaulaylibrary.org/asset/245593771
Northern Mockingbird,Mimus polyglottos,27870,US-OH,Hamilton,Norwood,2024-03-16,09:25 AM,39.150842852022826,-84.45478346539102,normoc,Mimus polyglottos,Passeriformes,Mimidae (Mockingbirds and Thrashers),"Catbirds, Mockingbirds, and Thrashers",Perching birds,https://macaulaylibrary.org/asset/158469861
Northern Mockingbird,Mimus polyglottos,27870,US-TX,Travis,Neighborhood Walk,2024-09-24,12:17 PM,30.32906108933811,-97.73173566707833,normoc,Mimus polyglottos,Passeriformes,Mimidae (Mockingbirds and Thrashers),"Catbirds, Mockingbirds, and Thrashers",Perching birds,https://macaulaylibrary.org/asset/158469861
Northern Mockingbird,Mimus polyglottos,27870,US-TX,Travis,Pace Bend Park,2024-10-12,12:11 PM,30.45085694003258,-98.02210259999524,normoc,Mimus polyglottos,Passeriformes,Mimidae (Mockingbirds and Thrashers),"Catbirds, Mockingbirds, and Thrashers",Perching birds,https://macaulaylibrary.org/asset/158469861
Northern Mockingbird,Mimus polyglottos,27870,US-TX,Travis,Pace Bend Park,2024-10-12,12:15 PM,30.45261271615401,-98.02136182659947,normoc,Mimus polyglottos,Passeriformes,Mimidae (Mockingbirds and Thrashers),"Catbirds, Mockingbirds, and Thrashers",Perching birds,https://macaulaylibrary.org/asset/158469861
Northern Mockingbird,Mimus polyglottos,27870,US-TX,Travis,Pace Bend Park,2024-10-12,04:23 PM,30.45494822057643,-98.02453462548613,normoc,Mimus polyglottos,Passeriformes,Mimidae (Mockingbirds and Thrashers),"Catbirds, Mockingbirds, and Thrashers",Perching birds,https://macaulaylibrary.org/asset/158469861
Northern Mockingbird,Mimus polyglottos,27870,US-TX,Travis,Pace Bend Park,2025-03-29,12:08 PM,30.458504084801888,-98.02628397809904,normoc,Mimus polyglottos,Passeriformes,Mimidae (Mockingbirds and Thrashers),"Catbirds, Mockingbirds, and Thrashers",Perching birds,https://macaulaylibrary.org/asset/158469861
Northern Mockingbird,Mimus polyglottos,27870,US-TX,Travis,Pace Bend Park,2025-05-31,09:29 AM,30.45124412899604,-98.02627652631908,normoc,Mimus polyglottos,Passeriformes,Mimidae (Mockingbirds and Thrashers),"Catbirds, Mockingbirds, and Thrashers",Perching birds,https://macaulaylibrary.org/asset/158469861
Northern Mockingbird,Mimus polyglottos,27870,US-TX,Travis,Pace Bend Park,2025-05-31,09:34 AM,30.449500750939897,-98.02360283765351,normoc,Mimus polyglottos,Passeriformes,Mimidae (Mockingbirds and Thrashers),"Catbirds, Mockingbirds, and Thrashers",Perching birds,https://macaulaylibrary.org/asset/158469861
Northern Mockingbird,Mimus polyglottos,27870,US-TX,Travis,Pace Bend Park,2025-05-31,11:07 AM,30.45250987493325,-98.02151471844688,normoc,Mimus polyglottos,Passeriformes,Mimidae (Mockingbirds and Thrashers),"Catbirds, Mockingbirds, and Thrashers",Perching birds,https://macaulaylibrary.org/asset/158469861
American Robin,Turdus migratorius,28313,US-OH,Hamilton,Norwood,2024-03-16,09:28 AM,39.15006599294323,-84.45252821362239,amerob,Turdus migratorius,Passeriformes,Turdidae (Thrushes and Allies),Thrushes,Perching birds,https://macaulaylibrary.org/asset/85631741
American Robin,Turdus migratorius,28313,US-OH,Hamilton,Norwood,2024-03-16,01:29 PM,39.15239903573417,-84.45958542904775,amerob,Turdus migratorius,Passeriformes,Turdidae (Thrushes and Allies),Thrushes,Perching birds,https://macaulaylibrary.org/asset/85631741
American Robin,Turdus migratorius,28313,US-OH,Hamilton,Norwood,2024-03-16,01:43 PM,39.15787331784681,-84.45889431638969,amerob,Turdus migratorius,Passeriformes,Turdidae (Thrushes and Allies),Thrushes,Perching birds,https://macaulaylibrary.org/asset/85631741
American Robin,Turdus migratorius,28313,US-OH,Hamilton,Norwood,2024-05-13,01:35 PM,39.15895360493013,-84.45025846560893,amerob,Turdus migratorius,Passeriformes,Turdidae (Thrushes and Allies),Thrushes,Perching birds,https://macaulaylibrary.org/asset/85631741
American Robin,Turdus migratorius,28313,US-OH,Hamilton,Norwood,2024-05-15,08:15 AM,39.151230524172654,-84.45695738007909,amerob,Turdus migratorius,Passeriformes,Turdidae (Thrushes and Allies),Thrushes,Perching birds,https://macaulaylibrary.org/asset/85631741
American Robin,Turdus migratorius,28313,US-OH,Hamilton,Norwood,2024-05-19,08:43 AM,39.15319322425135,-84.45888864999236,amerob,Turdus migratorius,Passeriformes,Turdidae (Thrushes and Allies),Thrushes,Perching birds,https://macaulaylibrary.org/asset/85631741
American Robin,Turdus migratorius,28313,US-OH,Hamilton,Norwood,2024-05-19,06:10 PM,39.15638261682577,-84.45908763580027,amerob,Turdus migratorius,Passeriformes,Turdidae (Thrushes and Allies),Thrushes,Perching birds,https://macaulaylibrary.org/asset/85631741
American Robin,Turdus migratorius,28313,US-OH,Hamilton,Norwood,2024-05-20,08:50 AM,39.15539418413515,-84.45395200650091,amerob,Turdus migratorius,Passeriformes,Turdidae (Thrushes and Allies),Thrushes,Perching birds,https://macaulaylibrary.org/asset/85631741
American Robin,Turdus migratorius,28313,US-OH,Hamilton,Norwood,2024-12-23,08:22 AM,39.15911261983796,-84.45101882243766,amerob,Turdus migratorius,Passeriformes,Turdidae (Thrushes and Allies),Thrushes,Perching birds,https://macaulaylibrary.org/asset/85631741
American Robin,Turdus migratorius,28313,US-MN,Hennepin,Loring Park,2025-06-20,12:37 PM,44.96723088174477,-93.28420120968411,amerob,Turdus migratorius,Passeriformes,Turdidae (Thrushes and Allies),Thrushes,Perching birds,https://macaulaylibrary.org/asset/85631741
American Robin,Turdus migratorius,28313,US-TN,Knox,University Of Tennessee,2024-05-10,01:39 PM,35.95422484599884,-83.92998793778983,amerob,Turdus migratorius,Passeriformes,Turdidae (Thrushes and Allies),Thrushes,Perching birds,https://macaulaylibrary.org/asset/85631741
American Robin,Turdus migratorius,28313,US-TX,Travis,Backyard,2024-03-22,09:21 AM,30.32344405626134,-97.7421948819692,amerob,Turdus migratorius,Passeriformes,Turdidae (Thrushes and Allies),Thrushes,Perching birds,https://macaulaylibrary.org/asset/85631741
Cedar Waxwing,Bombycilla cedrorum,29618,US-OH,Hamilton,Norwood,2024-03-16,09:28 AM,39.15755458413195,-84.45746504398302,cedwax,Bombycilla cedrorum,Passeriformes,Bombycillidae (Waxwings),Waxwings,Perching birds,https://macaulaylibrary.org/asset/240239681
Cedar Waxwing,Bombycilla cedrorum,29618,US-OH,Hamilton,Norwood,2024-05-15,08:15 AM,39.15742676972162,-84.44998521869415,cedwax,Bombycilla cedrorum,Passeriformes,Bombycillidae (Waxwings),Waxwings,Perching birds,https://macaulaylibrary.org/asset/240239681
House Sparrow,Passer domesticus,31261,US-OH,Hamilton,Norwood,2024-03-16,08:26 AM,39.158558219531685,-84.4507473595203,houspa,Passer domesticus,Passeriformes,Passeridae (Old World Sparrows),Old World Sparrows,Perching birds,https://macaulaylibrary.org/asset/51357991
House Sparrow,Passer domesticus,31261,US-OH,Hamilton,Norwood,2024-03-16,08:32 AM,39.150694993226686,-84.4574257595438,houspa,Passer domesticus,Passeriformes,Passeridae (Old World Sparrows),Old World Sparrows,Perching birds,https://macaulaylibrary.org/asset/51357991
House Sparrow,Passer domesticus,31261,US-OH,Hamilton,Norwood,2024-03-16,09:25 AM,39.15475263365867,-84.45450846592642,houspa,Passer domesticus,Passeriformes,Passeridae (Old World Sparrows),Old World Sparrows,Perching birds,https://macaulaylibrary.org/asset/51357991
House Sparrow,Passer domesticus,31261,US-OH,Hamilton,Norwood,2024-03-16,09:28 AM,39.149215287752085,-84.45025694529663,houspa,Passer domesticus,Passeriformes,Passeridae (Old World Sparrows),Old World Sparrows,Perching birds,https://macaulaylibrary.org/asset/51357991
House Sparrow,Passer domesticus,31261,US-OH,Hamilton,Norwood,2024-03-16,01:29 PM,39.15138416637157,-84.45123063864581,houspa,Passer domesticus,Passeriformes,Passeridae (Old World Sparrows),Old World Sparrows,Perching birds,https://macaulaylibrary.org/asset/51357991
House Sparrow,Passer domesticus,31261,US-OH,Hamilton,Norwood,2024-03-16,01:34 PM,39.15229888261743,-84.45869384530934,houspa,Passer domesticus,Passeriformes,Passeridae (Old World Sparrows),Old World Sparrows,Perching birds,https://macaulaylibrary.org/asset/51357991
House Sparrow,Passer domesticus,31261,US-OH,Hamilton,Norwood,2024-03-16,01:35 PM,39.15218917588639,-84.4577172692584,houspa,Passer domesticus,Passeriformes,Passeridae (Old World Sparrows),Old World Sparrows,Perching birds,https://macaulaylibrary.org/asset/51357991
House Sparrow,Passer domesticus,31261,US-OH,Hamilton,Norwood,2024-03-16,01:40 PM,39.155808533890685,-84.45000210304326,houspa,Passer domesticus,Passeriformes,Passeridae (Old World Sparrows),Old World Sparrows,Perching birds,https://macaulaylibrary.org/asset/51357991
House Sparrow,Passer domesticus,31261,US-OH,Hamilton,Norwood,2024-03-16,01:43 PM,39.15121042464315,-84.45591377476309,houspa,Passer domesticus,Passeriformes,Passeridae (Old World Sparrows),Old World Sparrows,Perching birds,https://macaulaylibrary.org/asset/51357991
House Sparrow,Passer domesticus,31261,US-OH,Hamilton,Norwood,2024-05-13,01:35 PM,39.15360209296856,-84.45870511378142,houspa,Passer domesticus,Passeriformes,Passeridae (Old World Sparrows),Old World Sparrows,Perching birds,https://macaulaylibrary.org/asset/51357991
House Sparrow,Passer domesticus,31261,US-OH,Hamilton,Norwood,2024-05-15,08:15 AM,39.153525049989895,-84.45365941926535,houspa,Passer domesticus,Passeriformes,Passeridae (Old World Sparrows),Old World Sparrows,Perching birds,https://macaulaylibrary.org/asset/51357991
House Sparrow,Passer domesticus,31261,US-OH,Hamilton,Norwood,2024-05-19,08:43 AM,39.1522548573402,-84.45051932299762,houspa,Passer domesticus,Passeriformes,Passeridae (Old World Sparrows),Old World Sparrows,Perching birds,https://macaulaylibrary.org/asset/51357991
House Sparrow,Passer domesticus,31261,US-OH,Hamilton,Norwood,2024-05-19,06:10 PM,39.14934034361707,-84.45917292737742,houspa,Passer domesticus,Passeriformes,Passeridae (Old World Sparrows),Old World Sparrows,Perching birds,https://macaulaylibrary.org/asset/51357991
House Sparrow,Passer domesticus,31261,US-OH,Hamilton,Norwood,2024-05-20,08:50 AM,39.14944178001046,-84.45052315295648,houspa,Passer domesticus,Passeriformes,Passeridae (Old World Sparrows),Old World Sparrows,Perching birds,https://macaulaylibrary.org/asset/51357991
House Sparrow,Passer domesticus,31261,US-OH,Hamilton,Norwood,2024-12-23,08:22 AM,39.14993028298905,-84.45685320421813,houspa,Passer domesticus,Passeriformes,Passeridae (Old World Sparrows),Old World Sparrows,Perching birds,https://macaulaylibrary.org/asset/51357991
House Sparrow,Passer domesticus,31261,US-MN,Hennepin,Loring Park,2025-06-20,12:37 PM,44.972328206061626,-93.28277161620588,houspa,Passer domesticus,Passeriformes,Passeridae (Old World Sparrows),Old World Sparrows,Perching birds,https://macaulaylibrary.org/asset/51357991
House Sparrow,Passer domesticus,31261,US-MN,Hennepin,Downtown Minneapolis,2025-06-19,05:58 PM,44.9736934620643,-93.27360400054728,houspa,Passer domesticus,Passeriformes,Passeridae (Old World Sparrows),Old World Sparrows,Perching birds,https://macaulaylibrary.org/asset/51357991
House Sparrow,Passer domesticus,31261,US-TX,Travis,Neighborhood Walk,2025-05-10,07:15 PM,30.32688632735819,-97.73552718018286,houspa,Passer domesticus,Passeriformes,Passeridae (Old World Sparrows),Old World Sparrows,Perching birds,https://macaulaylibrary.org/asset/51357991
House Sparrow,Passer domesticus,31261,US-TX,Travis,Backyard,2024-03-07,03:22 PM,30.32499001502082,-97.7390774631501,houspa,Passer domesticus,Passeriformes,Passeridae (Old World Sparrows),Old World Sparrows,Perching birds,https://macaulaylibrary.org/asset/51357991
House Sparrow,Passer domesticus,31261,US-TX,Travis,Backyard,2024-03-07,03:49 PM,30.325102027911345,-97.73618851481795,houspa,Passer domesticus,Passeriformes,Passeridae (Old World Sparrows),Old World Sparrows,Perching birds,https://macaulaylibrary.org/asset/51357991
House Sparrow,Passer domesticus,31261,US-TX,Travis,Backyard,2024-03-22,09:12 AM,30.325940284759568,-97.7369707209036,houspa,Passer domesticus,Passeriformes,Passeridae (Old World Sparrows),Old World Sparrows,Perching birds,https://macaulaylibrary.org/asset/51357991
House Finch,Haemorhous mexicanus,32034,US-OH,Hamilton,Norwood,2024-03-16,08:32 AM,39.15303315684245,-84.45011732033834,houfin,Haemorhous mexicanus,Passeriformes,"Fringillidae (Finches, Euphonias, and Allies)","Finches, Euphonias, and Allies",Perching birds,https://macaulaylibrary.org/asset/325279211
House Finch,Haemorhous mexicanus,32034,US-OH,Hamilton,Norwood,2024-03-16,09:25 AM,39.15544856078941,-84.45456234863268,houfin,Haemorhous mexicanus,Passeriformes,"Fringillidae (Finches, Euphonias, and Allies)","Finches, Euphonias, and Allies",Perching birds,https://macaulaylibrary.org/asset/325279211
House Finch,Haemorhous mexicanus,32034,US-OH,Hamilton,Norwood,2024-03-16,09:28 AM,39.15541229401534,-84.45398143757807,houfin,Haemorhous mexicanus,Passeriformes,"Fringillidae (Finches, Euphonias, and Allies)","Finches, Euphonias, and Allies",Perching birds,https://macaulaylibrary.org/asset/325279211
House Finch,Haemorhous mexicanus,32034,US-OH,Hamilton,Norwood,2024-03-16,01:34 PM,39.14947720206367,-84.45260467703335,houfin,Haemorhous mexicanus,Passeriformes,"Fringillidae (Finches, Euphonias, and Allies)","Finches, Euphonias, and Allies",Perching birds,https://macaulaylibrary.org/asset/325279211
House Finch,Haemorhous mexicanus,32034,US-OH,Hamilton,Norwood,2024-03-16,01:35 PM,39.149787073352265,-84.45844861563117,houfin,Haemorhous mexicanus,Passeriformes,"Fringillidae (Finches, Euphonias, and Allies)","Finches, Euphonias, and Allies",Perching birds,https://macaulaylibrary.org/asset/325279211
House Finch,Haemorhous mexicanus,32034,US-OH,Hamilton,Norwood,2024-03-16,01:43 PM,39.15055094028478,-84.45615775588945,houfin,Haemorhous mexicanus,Passeriformes,"Fringillidae (Finches, Euphonias, and Allies)","Finches, Euphonias, and Allies",Perching birds,https://macaulaylibrary.org/asset/325279211
House Finch,Haemorhous mexicanus,32034,US-OH,Hamilton,Norwood,2024-03-16,01:43 PM,39.15155528038788,-84.45279161850397,houfin,Haemorhous mexicanus,Passeriformes,"Fringillidae (Finches, Euphonias, and Allies)","Finches, Euphonias, and Allies",Perching birds,https://macaulaylibrary.org/asset/325279211
House Finch,Haemorhous mexicanus,32034,US-OH,Hamilton,Norwood,2024-05-15,08:15 AM,39.15311241542047,-84.45263284078983,houfin,Haemorhous mexicanus,Passeriformes,"Fringillidae (Finches, Euphonias, and Allies)","Finches, Euphonias, and Allies",Perching birds,https://macaulaylibrary.org/asset/325279211
House Finch,Haemorhous mexicanus,32034,US-OH,Hamilton,Norwood,2024-05-19,08:43 AM,39.15641090640259,-84.45852342029761,houfin,Haemorhous mexicanus,Passeriformes,"Fringillidae (Finches, Euphonias, and Allies)","Finches, Euphonias, and Allies",Perching birds,https://macaulaylibrary.org/asset/325279211
House Finch,Haemorhous mexicanus,32034,US-OH,Hamilton,Norwood,2024-05-19,06:10 PM,39.15495051154154,-84.45061433784936,houfin,Haemorhous mexicanus,Passeriformes,"Fringillidae (Finches, Euphonias, and Allies)","Finches, Euphonias, and Allies",Perching birds,https://macaulaylibrary.org/asset/325279211
House Finch,Haemorhous mexicanus,32034,US-MN,Hennepin,Loring Park,2025-06-20,12:33 PM,44.970554883130056,-93.2785557738609,houfin,Haemorhous mexicanus,Passeriformes,"Fringillidae (Finches, Euphonias, and Allies)","Finches, Euphonias, and Allies",Perching birds,https://macaulaylibrary.org/asset/325279211
House Finch,Haemorhous mexicanus,32034,US-MN,Hennepin,Loring Park,2025-06-20,12:37 PM,44.96654843019309,-93.28577760549828,houfin,Haemorhous mexicanus,Passeriformes,"Fringillidae (Finches, Euphonias, and Allies)","Finches, Euphonias, and Allies",Perching birds,https://macaulaylibrary.org/asset/325279211
House Finch,Haemorhous mexicanus,32034,US-TN,Knox,University Of Tennessee,2024-05-10,01:39 PM,35.9614722479524,-83.92862675861473,houfin,Haemorhous mexicanus,Passeriformes,"Fringillidae (Finches, Euphonias, and Allies)","Finches, Euphonias, and Allies",Perching birds,https://macaulaylibrary.org/asset/325279211
American Goldfinch,Spinus tristis,32338,US-OH,Hamilton,Norwood,2024-03-16,09:28 AM,39.14988454084192,-84.45348496878937,amegfi,Spinus tristis,Passeriformes,"Fringillidae (Finches, Euphonias, and Allies)","Finches, Euphonias, and Allies",Perching birds,https://macaulaylibrary.org/asset/253307751
American Goldfinch,Spinus tristis,32338,US-OH,Hamilton,Norwood,2024-12-23,08:22 AM,39.15465084240128,-84.45676221522764,amegfi,Spinus tristis,Passeriformes,"Fringillidae (Finches, Euphonias, and Allies)","Finches, Euphonias, and Allies",Perching birds,https://macaulaylibrary.org/asset/253307751
Dark-eyed Junco,Junco hyemalis,32842,US-OH,Hamilton,Norwood,2024-03-16,01:29 PM,39.14930024447544,-84.45827990616375,daejun,Junco hyemalis,Passeriformes,Passerellidae (New World Sparrows),New World Sparrows,Perching birds,https://macaulaylibrary.org/asset/330239651
Dark-eyed Junco,Junco hyemalis,32842,US-OH,Hamilton,Norwood,2024-03-16,01:35 PM,39.15411621982084,-84.45439273095107,daejun,Junco hyemalis,Passeriformes,Passerellidae (New World Sparrows),New World Sparrows,Perching birds,https://macaulaylibrary.org/asset/330239651
White-throated Sparrow,Zonotrichia albicollis,32919,US-OH,Hamilton,Norwood,2024-03-16,08:32 AM,39.15592493408949,-84.44994196385655,whtspa,Zonotrichia albicollis,Passeriformes,Passerellidae (New World Sparrows),New World Sparrows,Perching birds,https://macaulaylibrary.org/asset/151482951
White-throated Sparrow,Zonotrichia albicollis,32919,US-OH,Hamilton,Norwood,2024-03-16,01:29 PM,39.15470732439833,-84.45480330686372,whtspa,Zonotrichia albicollis,Passeriformes,Passerellidae (New World Sparrows),New World Sparrows,Perching birds,https://macaulaylibrary.org/asset/151482951
Song Sparrow,Melospiza melodia,32995,US-OH,Hamilton,Norwood,2024-03-16,08:32 AM,39.15196265185882,-84.4560345054355,sonspa,Melospiza melodia,Passeriformes,Passerellidae (New World Sparrows),New World Sparrows,Perching birds,https://macaulaylibrary.org/asset/322706591
Song Sparrow,Melospiza melodia,32995,US-OH,Hamilton,Norwood,2024-03-16,09:25 AM,39.158663135339175,-84.45147466126642,sonspa,Melospiza melodia,Passeriformes,Passerellidae (New World Sparrows),New World Sparrows,Perching birds,https://macaulaylibrary.org/asset/322706591
Song Sparrow,Melospiza melodia,32995,US-OH,Hamilton,Norwood,2024-03-16,01:29 PM,39.15062680473212,-84.45723506425777,sonspa,Melospiza melodia,Passeriformes,Passerellidae (New World Sparrows),New World Sparrows,Perching birds,https://macaulaylibrary.org/asset/322706591
Eastern Meadowlark,Sturnella magna,33290,US-OH,Hamilton,Norwood,2024-03-16,01:35 PM,39.15520278299783,-84.45490916412153,easmea,Sturnella magna,Passeriformes,Icteridae (Troupials and Allies),Blackbirds,Perching birds,https://macaulaylibrary.org/asset/629169294
Baltimore Oriole,Icterus galbula,33491,US-OH,Hamilton,Norwood,2024-05-15,08:15 AM,39.15380238181628,-84.45718582188215,balori,Icterus galbula,Passeriformes,Icteridae (Troupials and Allies),Blackbirds,Perching birds,https://macaulaylibrary.org/asset/334289821
Red-winged Blackbird,Agelaius phoeniceus,33500,US-OH,Hamilton,Norwood,2024-03-16,09:25 AM,39.15241845008948,-84.4555646897819,rewbla,Agelaius phoeniceus,Passeriformes,Icteridae (Troupials and Allies),Blackbirds,Perching birds,https://macaulaylibrary.org/asset/430144771
Red-winged Blackbird,Agelaius phoeniceus,33500,US-MN,Hennepin,Loring Park,2025-06-20,12:33 PM,44.96442985555883,-93.28390466569108,rewbla,Agelaius phoeniceus,Passeriformes,Icteridae (Troupials and Allies),Blackbirds,Perching birds,https://macaulaylibrary.org/asset/430144771
Red-winged Blackbird,Agelaius phoeniceus,33500,US-MN,Hennepin,Loring Park,2025-06-20,12:37 PM,44.96971932551032,-93.27921101538756,rewbla,Agelaius phoeniceus,Passeriformes,Icteridae (Troupials and Allies),Blackbirds,Perching birds,https://macaulaylibrary.org/asset/430144771
Brown-headed Cowbird,Molothrus ater,33556,US-OH,Hamilton,Norwood,2024-03-16,09:28 AM,39.15903520218326,-84.45375407503741,bnhcow,Molothrus ater,Passeriformes,Icteridae (Troupials and Allies),Blackbirds,Perching birds,https://macaulaylibrary.org/asset/437418291
Brown-headed Cowbird,Molothrus ater,33556,US-OH,Hamilton,Norwood,2024-03-16,01:43 PM,39.158193127357926,-84.45629981285543,bnhcow,Molothrus ater,Passeriformes,Icteridae (Troupials and Allies),Blackbirds,Perching birds,https://macaulaylibrary.org/asset/437418291
Brown-headed Cowbird,Molothrus ater,33556,US-OH,Hamilton,Norwood,2024-03-16,01:43 PM,39.15442376520431,-84.45654302380092,bnhcow,Molothrus ater,Passeriformes,Icteridae (Troupials and Allies),Blackbirds,Perching birds,https://macaulaylibrary.org/asset/437418291
Brown-headed Cowbird,Molothrus ater,33556,US-TX,Travis,Pace Bend Park,2025-05-31,09:29 AM,30.452365738184007,-98.02727538597124,bnhcow,Molothrus ater,Passeriformes,Icteridae (Troupials and Allies),Blackbirds,Perching birds,https://macaulaylibrary.org/asset/437418291
Common Grackle,Quiscalus quiscula,33576,US-OH,Hamilton,Norwood,2024-05-15,08:15 AM,39.15675192611324,-84.45200301431174,comgra,Quiscalus quiscula,Passeriformes,Icteridae (Troupials and Allies),Blackbirds,Perching birds,https://macaulaylibrary.org/asset/93138231
Common Grackle,Quiscalus quiscula,33576,US-MN,Hennepin,Loring Park,2025-06-20,12:33 PM,44.967291866871925,-93.28007744798904,comgra,Quiscalus quiscula,Passeriformes,Icteridae (Troupials and Allies),Blackbirds,Perching birds,https://macaulaylibrary.org/asset/93138231
Great-tailed Grackle,Quiscalus mexicanus,33587,US-TX,Travis,Burnet HEB Parking Lot,2024-03-15,04:16 PM,30.331154935731167,-97.74344062635298,grtgra,Quiscalus mexicanus,Passeriformes,Icteridae (Troupials and Allies),Blackbirds,Perching birds,https://macaulaylibrary.org/asset/413743461
Great-tailed Grackle,Quiscalus mexicanus,33587,US-TX,Travis,Work,2025-06-11,08:46 AM,30.43176815610753,-97.74619209076344,grtgra,Quiscalus mexicanus,Passeriformes,Icteridae (Troupials and Allies),Blackbirds,Perching birds,https://macaulaylibrary.org/asset/413743461
Orange-crowned Warbler,Leiothlypis celata,33696,US-TX,Travis,Backyard,2024-03-22,09:21 AM,30.322502640478447,-97.73837997383424,orcwar,Leiothlypis celata,Passeriformes,Parulidae (New World Warblers),Wood-Warblers,Perching birds,https://macaulaylibrary.org/asset/499912541
Northern Cardinal,Cardinalis cardinalis,34224,US-OH,Hamilton,Norwood,2024-03-16,08:26 AM,39.15823026011826,-84.45487614742486,norcar,Cardinalis cardinalis,Passeriformes,Cardinalidae (Cardinals and Allies),"Cardinals, Grosbeaks, and Allies",Perching birds,https://macaulaylibrary.org/asset/424860971
Northern Cardinal,Cardinalis cardinalis,34224,US-OH,Hamilton,Norwood,2024-03-16,08:32 AM,39.15780957640192,-84.44972234469498,norcar,Cardinalis cardinalis,Passeriformes,Cardinalidae (Cardinals and Allies),"Cardinals, Grosbeaks, and Allies",Perching birds,https://macaulaylibrary.org/asset/424860971
Northern Cardinal,Cardinalis cardinalis,34224,US-OH,Hamilton,Norwood,2024-03-16,09:25 AM,39.15184054363518,-84.45063067051021,norcar,Cardinalis cardinalis,Passeriformes,Cardinalidae (Cardinals and Allies),"Cardinals, Grosbeaks, and Allies",Perching birds,https://macaulaylibrary.org/asset/424860971
Northern Cardinal,Cardinalis cardinalis,34224,US-OH,Hamilton,Norwood,2024-03-16,09:28 AM,39.157369710315685,-84.45949136253746,norcar,Cardinalis cardinalis,Passeriformes,Cardinalidae (Cardinals and Allies),"Cardinals, Grosbeaks, and Allies",Perching birds,https://macaulaylibrary.org/asset/424860971
Northern Cardinal,Cardinalis cardinalis,34224,US-OH,Hamilton,Norwood,2024-03-16,01:29 PM,39.15458296152239,-84.45341690339146,norcar,Cardinalis cardinalis,Passeriformes,Cardinalidae (Cardinals and Allies),"Cardinals, Grosbeaks, and Allies",Perching birds,https://macaulaylibrary.org/asset/424860971
Northern Cardinal,Cardinalis cardinalis,34224,US-OH,Hamilton,Norwood,2024-03-16,01:35 PM,39.153567932937776,-84.45554477263782,norcar,Cardinalis cardinalis,Passeriformes,Cardinalidae (Cardinals and Allies),"Cardinals, Grosbeaks, and Allies",Perching birds,https://macaulaylibrary.org/asset/424860971
Northern Cardinal,Cardinalis cardinalis,34224,US-OH,Hamilton,Norwood,2024-03-16,01:40 PM,39.15662158555224,-84.4581553379455,norcar,Cardinalis cardinalis,Passeriformes,Cardinalidae (Cardinals and Allies),"Cardinals, Grosbeaks, and Allies",Perching birds,https://macaulaylibrary.org/asset/424860971
Northern Cardinal,Cardinalis cardinalis,34224,US-OH,Hamilton,Norwood,2024-03-16,01:43 PM,39.15466187692294,-84.45526016540569,norcar,Cardinalis cardinalis,Passeriformes,Cardinalidae (Cardinals and Allies),"Cardinals, Grosbeaks, and Allies",Perching birds,https://macaulaylibrary.org/asset/424860971
Northern Cardinal,Cardinalis cardinalis,34224,US-OH,Hamilton,Norwood,2024-03-17,03:24 PM,39.15422325070359,-84.45304513852,norcar,Cardinalis cardinalis,Passeriformes,Cardinalidae (Cardinals and Allies),"Cardinals, Grosbeaks, and Allies",Perching birds,https://macaulaylibrary.org/asset/424860971
Northern Cardinal,Cardinalis cardinalis,34224,US-OH,Hamilton,Norwood,2024-05-19,06:10 PM,39.15621471850236,-84.45421453069402,norcar,Cardinalis cardinalis,Passeriformes,Cardinalidae (Cardinals and Allies),"Cardinals, Grosbeaks, and Allies",Perching birds,https://macaulaylibrary.org/asset/424860971
Northern Cardinal,Cardinalis cardinalis,34224,US-OH,Hamilton,Norwood,2024-05-20,08:50 AM,39.15900844806917,-84.45040242603127,norcar,Cardinalis cardinalis,Passeriformes,Cardinalidae (Cardinals and Allies),"Cardinals, Grosbeaks, and Allies",Perching birds,https://macaulaylibrary.org/asset/424860971
Northern Cardinal,Cardinalis cardinalis,34224,US-TX,Travis,Neighborhood Walk,2025-03-07,03:45 PM,30.33504326730232,-97.73408354063936,norcar,Cardinalis cardinalis,Passeriformes,Cardinalidae (Cardinals and Allies),"Cardinals, Grosbeaks, and Allies",Perching birds,https://macaulaylibrary.org/asset/424860971
Northern Cardinal,Cardinalis cardinalis,34224,US-TX,Travis,Neighborhood Walk,2025-06-15,07:43 PM,30.32765853409207,-97.7365286743892,norcar,Cardinalis cardinalis,Passeriformes,Cardinalidae (Cardinals and Allies),"Cardinals, Grosbeaks, and Allies",Perching birds,https://macaulaylibrary.org/asset/424860971
Northern Cardinal,Cardinalis cardinalis,34224,US-TX,Travis,Neighborhood Walk,2025-05-10,07:15 PM,30.32213777119064,-97.7322856355131,norcar,Cardinalis cardinalis,Passeriformes,Cardinalidae (Cardinals and Allies),"Cardinals, Grosbeaks, and Allies",Perching birds,https://macaulaylibrary.org/asset/424860971
Northern Cardinal,Cardinalis cardinalis,34224,US-TX,Travis,Neighborhood Walk,2025-06-09,07:01 PM,30.324150520749576,-97.73907169069793,norcar,Cardinalis cardinalis,Passeriformes,Cardinalidae (Cardinals and Allies),"Cardinals, Grosbeaks, and Allies",Perching birds,https://macaulaylibrary.org/asset/424860971
Northern Cardinal,Cardinalis cardinalis,34224,US-TX,Travis,Neighborhood Walk,2025-06-16,08:03 PM,30.323229390512925,-97.73463617220676,norcar,Cardinalis cardinalis,Passeriformes,Cardinalidae (Cardinals and Allies),"Cardinals, Grosbeaks, and Allies",Perching birds,https://macaulaylibrary.org/asset/424860971
Northern Cardinal,Cardinalis cardinalis,34224,US-TX,Travis,Backyard,2024-03-07,03:49 PM,30.32891196394765,-97.73450490000435,norcar,Cardinalis cardinalis,Passeriformes,Cardinalidae (Cardinals and Allies),"Cardinals, Grosbeaks, and Allies",Perching birds,https://macaulaylibrary.org/asset/424860971
Northern Cardinal,Cardinalis cardinalis,34224,US-TX,Travis,Backyard,2024-03-14,05:00 PM,30.32400693338704,-97.73809665170016,norcar,Cardinalis cardinalis,Passeriformes,Cardinalidae (Cardinals and Allies),"Cardinals, Grosbeaks, and Allies",Perching birds,https://macaulaylibrary.org/asset/424860971
Northern Cardinal,Cardinalis cardinalis,34224,US-TX,Travis,Backyard,2024-03-22,08:45 AM,30.32089527710733,-97.7401896581258,norcar,Cardinalis cardinalis,Passeriformes,Cardinalidae (Cardinals and Allies),"Cardinals, Grosbeaks, and Allies",Perching birds,https://macaulaylibrary.org/asset/424860971
Northern Cardinal,Cardinalis cardinalis,34224,US-TX,Travis,Backyard,2024-03-22,09:21 AM,30.3287742285185,-97.74148422180932,norcar,Cardinalis cardinalis,Passeriformes,Cardinalidae (Cardinals and Allies),"Cardinals, Grosbeaks, and Allies",Perching birds,https://macaulaylibrary.org/asset/424860971
Northern Cardinal,Cardinalis cardinalis,34224,US-TX,Travis,Backyard,2024-04-01,11:49 AM,30.32340819157569,-97.73910443338526,norcar,Cardinalis cardinalis,Passeriformes,Cardinalidae (Cardinals and Allies),"Cardinals, Grosbeaks, and Allies",Perching birds,https://macaulaylibrary.org/asset/424860971
Northern Cardinal,Cardinalis cardinalis,34224,US-TX,Travis,Backyard,2024-04-04,09:16 AM,30.328026222668417,-97.7394102443943,norcar,Cardinalis cardinalis,Passeriformes,Cardinalidae (Cardinals and Allies),"Cardinals, Grosbeaks, and Allies",Perching birds,https://macaulaylibrary.org/asset/424860971
Northern Cardinal,Cardinalis cardinalis,34224,US-TX,Travis,Backyard,2025-05-11,11:42 AM,30.32469144179184,-97.73441032827012,norcar,Cardinalis cardinalis,Passeriformes,Cardinalidae (Cardinals and Allies),"Cardinals, Grosbeaks, and Allies",Perching birds,https://macaulaylibrary.org/asset/424860971
Northern Cardinal,Cardinalis cardinalis,34224,US-TX,Travis,Work,2025-05-07,08:44 AM,30.425695223249708,-97.74635361322125,norcar,Cardinalis cardinalis,Passeriformes,Cardinalidae (Cardinals and Allies),"Cardinals, Grosbeaks, and Allies",Perching birds,https://macaulaylibrary.org/asset/424860971
Northern Cardinal,Cardinalis cardinalis,34224,US-TX,Travis,Sunshine Community Gardens,2024-03-15,02:41 PM,30.31458935521092,-97.73973575938386,norcar,Cardinalis cardinalis,Passeriformes,Cardinalidae (Cardinals and Allies),"Cardinals, Grosbeaks, and Allies",Perching birds,https://macaulaylibrary.org/asset/424860971
Northern Cardinal,Cardinalis cardinalis,34224,US-TX,Travis,Sunshine Community Gardens,2024-04-01,02:11 PM,30.318954310940185,-97.7392984066717,norcar,Cardinalis cardinalis,Passeriformes,Cardinalidae (Cardinals and Allies),"Cardinals, Grosbeaks, and Allies",Perching birds,https://macaulaylibrary.org/asset/424860971
